name=tester,sex=1,age=50,birthDay=1992.09.29,earnMoneyPerMonth=50K,JobName=WebApplicationEngineer
name=tester,sex=1,age=50,birthDay=1992.09.29,earnMoneyPerMonth=50K,JobName=WebApplicationEngineer
name=tester,sex=1,age=50,birthDay=1992.09.29,earnMoneyPerMonth=50K,JobName=WebApplicationEngineer
name=tester,sex=1,age=50,birthDay=1992.09.29,earnMoneyPerMonth=50K,JobName=WebApplicationEngineer
name=tester,sex=1,age=50,birthDay=1992.09.29,earnMoneyPerMonth=50K,JobName=WebApplicationEngineer
name=tester,sex=1,age=50,birthDay=1992.09.29,earnMoneyPerMonth=50K,JobName=WebApplicationEngineer
name=tester,sex=1,age=50,birthDay=1992.09.29,earnMoneyPerMonth=50K,JobName=WebApplicationEngineer
name=tester,sex=1,age=50,birthDay=1992.09.29,earnMoneyPerMonth=50K,JobName=WebApplicationEngineer
name=tester,sex=1,age=50,birthDay=1992.09.29,earnMoneyPerMonth=50K,JobName=WebApplicationEngineer
name=tester,sex=1,age=50,birthDay=1992.09.29,earnMoneyPerMonth=50K,JobName=WebApplicationEngineer
name=tester,sex=1,age=50,birthDay=1992.09.29,earnMoneyPerMonth=50K,JobName=WebApplicationEngineer
name=tester,sex=1,age=50,birthDay=1992.09.29,earnMoneyPerMonth=50K,JobName=WebApplicationEngineer
name=tester,sex=1,age=50,birthDay=1992.09.29,earnMoneyPerMonth=50K,JobName=WebApplicationEngineer
name=tester,sex=1,age=50,birthDay=1992.09.29,earnMoneyPerMonth=50K,JobName=WebApplicationEngineer
name=tester,sex=1,age=50,birthDay=1992.09.29,earnMoneyPerMonth=50K,JobName=WebApplicationEngineer
name=tester,sex=1,age=50,birthDay=1992.09.29,earnMoneyPerMonth=50K,JobName=WebApplicationEngineer
name=tester,sex=1,age=50,birthDay=1992.09.29,earnMoneyPerMonth=50K,JobName=WebApplicationEngineer
name=tester,sex=1,age=50,birthDay=1992.09.29,earnMoneyPerMonth=50K,JobName=WebApplicationEngineer
name=tester,sex=1,age=50,birthDay=1992.09.29,earnMoneyPerMonth=50K,JobName=WebApplicationEngineer
name=tester,sex=1,age=50,birthDay=1992.09.29,earnMoneyPerMonth=50K,JobName=WebApplicationEngineer
name=tester,sex=1,age=50,birthDay=1992.09.29,earnMoneyPerMonth=50K,JobName=WebApplicationEngineer
name=tester,sex=1,age=50,birthDay=1992.09.29,earnMoneyPerMonth=50K,JobName=WebApplicationEngineer
name=tester,sex=1,age=50,birthDay=1992.09.29,earnMoneyPerMonth=50K,JobName=WebApplicationEngineer
name=tester,sex=1,age=50,birthDay=1992.09.29,earnMoneyPerMonth=50K,JobName=WebApplicationEngineer
name=tester,sex=1,age=50,birthDay=1992.09.29,earnMoneyPerMonth=50K,JobName=WebApplicationEngineer
name=tester,sex=1,age=50,birthDay=1992.09.29,earnMoneyPerMonth=50K,JobName=WebApplicationEngineer
name=tester,sex=1,age=50,birthDay=1992.09.29,earnMoneyPerMonth=50K,JobName=WebApplicationEngineer
name=tester,sex=1,age=50,birthDay=1992.09.29,earnMoneyPerMonth=50K,JobName=WebApplicationEngineer
name=tester,sex=1,age=50,birthDay=1992.09.29,earnMoneyPerMonth=50K,JobName=WebApplicationEngineer
name=tester,sex=1,age=50,birthDay=1992.09.29,earnMoneyPerMonth=50K,JobName=WebApplicationEngineer
name=tester,sex=1,age=50,birthDay=1992.09.29,earnMoneyPerMonth=50K,JobName=WebApplicationEngineer
name=tester,sex=1,age=50,birthDay=1992.09.29,earnMoneyPerMonth=50K,JobName=WebApplicationEngineer
name=tester,sex=1,age=50,birthDay=1992.09.29,earnMoneyPerMonth=50K,JobName=WebApplicationEngineer
name=tester,sex=1,age=50,birthDay=1992.09.29,earnMoneyPerMonth=50K,JobName=WebApplicationEngineer
name=tester,sex=1,age=50,birthDay=1992.09.29,earnMoneyPerMonth=50K,JobName=WebApplicationEngineer